YMM,Trim,DriveTrain,Class,Longitude,Latitude,Year,Mileage,ListPrice,LotPrice,MSRP,MarketAveragePrice,AgeInDays,ReconditionCost,UnitCost,PotentialGross,PrimaryBookValue
2000 Ford Expedition,Eddie Bauer,4WD, Sport Utility Vehicles,-123.8016,46.9674,2000,226478.0,3919.0,3919.0,3919.0,4145.0,72.0,1483.08,3068.08,850.92,1459.0
2001 Toyota Tacoma,PRERUNNER,4WD, Small Pickup Trucks,-123.1763,44.0487,2001,250814.0,9996.0,12999.0,12999.0,9999.0,1.0,60.0,3700.0,6296.0,7892.0
2003 Toyota Sienna,LE,4WD,Mini-Van (Passenger),-123.8016,46.9674,2003,151428.0,5999.0,5999.0,5999.0,4998.0,15.0,1274.44,3364.44,2634.56,1920.0
2004 Chevrolet Silverado 2500HD,LS,4WD, Standard Pickup Trucks,-123.2585,44.5725,2004,85000.0,15995.0,17997.0,17997.0,10654.6666,26.0,220.0,10575.0,5420.0,10275.0
2004 Chevrolet Tahoe,LT,2WD, Sport Utility Vehicles,-123.4436,46.9971,2004,221821.0,5989.0,598.0,597.7,6427.5,271.0,597.7,4705.42,1283.58,6921.0
2004 Ford Super Duty F-350 SRW,XLT,4WD, Standard Pickup Trucks,-123.4436,46.9971,2004,156223.0,18989.0,18989.0,18989.0,7100.0,14.0,18989.0,8539.0,10450.0,13132.0
2004 Lexus RX 330, ,4WD, Sport Utility Vehicles,-117.3979,47.7552,2004,183868.0,6995.0,6995.0,7783.0,8327.3333,36.0,186.56,2686.56,4308.44,5812.0
2004 MINI Cooper Hardtop,S,4WD, Sub-Compact Passenger Car,-122.7711,45.4954,2004,71276.0,6490.0,7990.0,7990.0,5988.0,73.0,2855.66,5855.66,634.34,3278.0
2005 Ford F-150,FX4,2WD, Standard Pickup Trucks,-114.45700000000001,42.5913,2005,138579.0,9999.0,10800.0,10800.0,12877.0,21.0,752.93,4252.93,5746.07,6861.0
2006 Chevrolet Silverado 1500,LT1,4WD, Standard Pickup Trucks,-123.4436,46.9971,2006,179490.0,9989.0,9989.0,9989.0,10700.0,4.0,9989.0,4400.0,5589.0,10921.0
2006 Dodge Ram 2500,SLT,4WD, Standard Pickup Trucks,-117.3979,47.7552,2006,162217.5,16995.0,8497.5,17185.0,22990.0,5.5,344.65,15672.325,4995.0,15713.0
2006 Ford Mustang,Premium,4WD, Sub-Compact Passenger Car,-123.8016,46.9674,2006,149493.0,6437.0,6437.0,6437.0,5888.0,46.0,1550.25,4650.25,1786.75,4039.0
2006 Ford Super Duty F-250,XLT,4WD, Standard Pickup Trucks,-121.7555,42.2011,2006,209000.0,15995.0,15995.0,15995.0,19773.4,67.0,536.15,4536.15,11458.85,10485.0
2006 Honda CR-V,EX SE,4WD, Sport Utility Vehicles,-123.2585,44.5725,2006,166162.0,9995.0,10997.0,10997.0,7757.0,10.0,220.0,4075.0,5920.0,6700.0
2006 Honda Civic,EX,2WD, Sub-Compact Passenger Car,-122.654,45.5271,2006,79954.0,6990.0,6990.0,6990.0,3800.0,9.0,135.0,2635.0,4355.0,4768.0
2006 Hyundai Sonata,GLS,4WD, Mid-Size Passenger Car,-114.45700000000001,42.5913,2006,148000.0,3999.0,4999.0,4000.0,7988.0,57.0,1743.09,2743.09,1255.91,2213.0
2007 Chevrolet Aveo,SVM,4WD, Sub-Compact Passenger Car,-123.2585,44.5725,2007,66279.0,6997.0,6997.0,6997.0,4979.0,4.0,220.0,2075.0,4922.0,2462.0
2007 Chevrolet Silverado 1500,LT W/2LT,4WD, Standard Pickup Trucks,-117.3979,47.7552,2007,207901.0,9995.0,9995.0,12260.0,12997.0,4.0,175.66,5175.66,4819.34,9469.0
2007 Dodge Ram 2500,SLT,4WD, Standard Pickup Trucks,-117.3979,47.7552,2007,170533.0,12995.0,12995.0,14325.0,12999.0,23.0,917.75,8480.25,4514.75,10810.0
2007 Dodge Ram 3500,LARAMIE,2WD, Standard Pickup Trucks,-114.45700000000001,42.5913,2007,177285.0,19999.0,22347.0,22347.0,15800.0,75.0,741.21,17741.21,2257.79,20004.0
2007 Ford Mustang,GT PREMIUM,4WD, Sub-Compact Passenger Car,-123.4436,46.9971,2007,32913.0,13589.0,13995.0,13995.0,12316.5,82.0,13995.0,10232.62,3356.38,14178.0
2007 GMC Yukon Denali,DENALI,4WD, Sport Utility Vehicles,-122.654,45.5271,2007,130473.0,14990.0,12995.0,12995.0,17875.0,66.0,1486.78,8986.78,6003.22,10537.0
2008 Chevrolet Avalanche,LT W/1LT,2WD, Standard Pickup Trucks,-121.7555,42.2011,2008,136701.0,9995.0,14995.0,14995.0,17999.0,167.0,312.5,9712.5,282.5,10742.0
2008 Toyota Tundra 4WD,CREWMAX 5.7L V8 6-SPD AT,2WD, Standard Pickup Trucks,-121.2746,44.0557,2008,141725.0,17933.0,18995.0,18995.0,15990.0,11.0,169.48,13549.95,4383.05,16454.0
2009 Dodge Ram 1500,SLT,4WD, Standard Pickup Trucks,-123.8095,46.9768,2009,105804.0,18995.0,21995.0,21995.0,17173.8,126.0,1821.27,16031.27,2963.73,14990.0
2009 Ford F-150,XLT,4WD, Standard Pickup Trucks,-122.654,45.5271,2009,95971.0,15990.0,15990.0,15490.0,17996.3333,6.0,715.41,12811.25,3178.75,13696.0
2010 Dodge Ram 3500,LARAMIE,4WD, Standard Pickup Trucks,-122.654,45.5271,2010,110360.0,32990.0,32990.0,32990.0,33990.0,6.0,80.0,30284.0,2706.0,33579.0
2010 Ford Expedition,XLT,4WD, Sport Utility Vehicles,-121.7547,42.2076,2010,114928.0,10897.0,10897.0,11997.0,9995.0,8.0,1604.73,9104.73,1792.27,8110.0
2010 Mazda MAZDA3,i Sport,4WD, Compact Passenger Car,-122.8771,42.3556,2010,129343.0,7987.0,9999.0,7987.0,7991.0,25.0,1567.41,3673.66,4313.34,3747.0
2010 Nissan Altima,2.5 S,4WD, Mid-Size Passenger Car,-123.0815,44.0588,2010,77939.0,9700.0,9700.0,9700.0,6660.6666,3.0,396.66,4096.66,5603.34,5270.0
2010 Toyota 4Runner,SR5,4WD, Sport Utility Vehicles,-123.8016,46.9674,2010,94704.0,23028.0,23028.0,23028.0,25990.0,29.0,1977.02,20732.02,2295.98,20302.0
2010 Toyota Prius,II,4WD, Mid-Size Passenger Car,-122.8771,42.3556,2010,103425.0,9985.0,12999.0,9985.0,10158.8571,33.0,1215.29,6959.04,3025.96,6942.0
2010 Toyota Prius,IV,4WD, Mid-Size Passenger Car,-123.8016,46.9674,2010,89228.0,10234.0,10234.0,10234.0,11225.4,9.0,80.0,7220.0,3014.0,8851.0
2010 Volkswagen Touareg,V6,4WD, Sport Utility Vehicles,-122.7711,45.4954,2010,109636.0,13490.0,18490.0,18490.0,13509.25,133.0,1458.11,17414.36,-3924.36,11301.0
2011 Chevrolet Silverado 1500,LT,4WD, Standard Pickup Trucks,-123.8016,46.9674,2011,104121.0,17379.0,17379.0,17379.0,17949.0,12.0,80.0,14290.0,3089.0,15360.0
2011 Ram 1500,LARAMIE,2WD, Standard Pickup Trucks,-122.654,45.5271,2011,98107.0,19990.0,19990.0,19990.0,19638.5625,6.0,1125.23,20503.23,-513.23,18960.0
2011 Ram 2500,Laramie,4WD, Standard Pickup Trucks,-123.8095,46.9768,2011,88367.0,37999.0,37999.0,37999.0,26569.0,8.0,80.0,31965.0,6034.0,35016.0
2012 Chevrolet Cruze,LTZ,4WD, Compact Passenger Car,-122.654,45.5271,2012,67338.0,10990.0,10990.0,10990.0,9827.6666,11.0,1425.16,7425.16,3564.84,8069.0
2012 Chevrolet Silverado 1500,LTZ,4WD, Standard Pickup Trucks,-123.8095,46.9768,2012,76730.0,25999.0,25999.0,25999.0,24800.0,12.0,80.0,20855.0,5144.0,23000.0
2012 Chrysler 300,Limited,4WD, Large Passenger Car,-122.8771,42.3556,2012,101627.0,12985.0,15999.0,12985.0,15956.0,48.0,187.67,9793.92,3191.08,10074.0
2012 Dodge Grand Caravan,CREW,4WD, Minivans,-117.3979,47.7552,2012,100035.0,8995.0,8995.0,9808.0,8888.0,21.0,742.87,5492.87,3502.13,6711.0
2012 Dodge Grand Caravan,SE,4WD, Minivans,-123.2585,44.5725,2012,121251.0,10997.0,10997.0,10997.0,10995.0,6.0,220.0,4575.0,6422.0,7350.0
2012 Ford Explorer,LIMITED,4WD, Sport Utility Vehicles,-122.654,45.5271,2012,98050.0,16390.0,16390.0,16390.0,14000.0,13.0,1401.32,16116.32,273.68,14642.0
2012 Ford F-150,FX4,4WD, Standard Pickup Trucks,-122.654,45.5271,2012,102145.0,22990.0,22990.0,22990.0,22352.8,13.0,1200.0,20155.0,2835.0,19592.0
2012 Ford F-150,LARIAT,4WD, Standard Pickup Trucks,-114.45700000000001,42.5913,2012,115507.0,20800.0,20800.0,20800.0,23811.4,9.0,917.18,13917.18,6882.82,17403.0
2012 MINI Cooper,S,4WD, Mini-Compact Passenger Car,-122.7711,45.4954,2012,52669.0,13990.0,15990.0,15990.0,13471.0,181.0,3109.73,13015.98,974.02,10018.0
2012 MINI Cooper Countryman,S,4WD, Sub-Compact Passenger Car,-122.7711,45.4954,2012,86658.0,13490.0,14990.0,14990.0,13330.75,103.0,2644.71,13313.46,176.54,9888.0
2012 Mercedes-Benz C-Class,C 300 Luxury,2WD, Compact Passenger Car,-123.8095,46.9768,2012,70589.0,15995.0,15995.0,15995.0,12491.0,30.0,825.71,12005.71,3989.29,11826.0
2012 Nissan LEAF,SL,4WD, Compact Passenger Car,-123.8095,46.9768,2012,51800.0,6999.0,8995.0,8995.0,7661.3333,97.0,1096.9,7026.9,-27.9,4656.0
2012 Nissan LEAF,SL,4WD, Compact Passenger Car,-122.7711,45.4954,2012,44451.0,7990.0,7990.0,7990.0,7429.625,2.0,377.55,4377.55,3612.45,5119.0
2012 Nissan Sentra,2.0 SR,4WD, Sub-Compact Passenger Car,-123.8095,46.9768,2012,67995.0,8995.0,8995.0,8995.0,9243.0,32.0,430.0,5045.0,3950.0,5316.0
2012 Nissan Xterra,S,4WD, Sport Utility Vehicles,-123.4436,46.9971,2012,180001.0,9989.0,9989.0,9989.0,19489.5,7.0,9989.0,4900.0,5089.0,9497.0
2012 Ram 1500,LARAMIE,4WD, Standard Pickup Trucks,-122.654,45.5271,2012,90455.0,22990.0,24875.0,24875.0,23490.2,91.0,1041.61,22571.61,418.39,20372.0
2012 Ram 1500,SLT,4WD, Standard Pickup Trucks,-122.654,45.5271,2012,113067.0,15990.0,15990.0,15990.0,18593.0,6.0,822.77,16575.77,-585.77,15720.0
2012 Ram 1500,SLT,4WD, Standard Pickup Trucks,-117.3979,47.7552,2012,81960.0,18995.0,19995.0,19519.0,19019.0,27.0,800.87,15550.87,3444.13,16353.0
2012 Ram 3500,LARAMIE,4WD, Standard Pickup Trucks,-117.3979,47.7552,2012,94504.0,35995.0,37995.0,38936.0,41234.75,47.0,1279.62,34373.37,1621.63,37736.0
2012 Toyota Sienna,XLE,4WD, Minivans,-123.8095,46.9768,2012,89433.0,16995.0,16995.0,16995.0,17396.8333,11.0,115.0,12810.0,4185.0,14468.0
2012 Volkswagen Beetle,2.0T BLACK TURBO LAUNCH EDITION PZEV,4WD, Sub-Compact Passenger Car,-122.7711,45.4954,2012,68512.0,10490.0,10990.0,10990.0,11855.0,61.0,487.91,9606.66,883.34,10375.0
2013 BMW 5 Series,550I XDRIVE,4WD, Mid-Size Passenger Car,-122.7711,45.4954,2013,58271.0,23990.0,24990.0,23990.0,25386.0,45.0,990.79,21415.79,2574.21,21951.0
2013 Chevrolet Captiva Sport Fleet,LTZ,2WD, Sport Utility Vehicles,-122.7711,45.4954,2013,136560.0,7388.0,7990.0,7990.0,9746.25,66.0,1052.34,5921.09,1466.91,5402.0
2013 Chevrolet Malibu,LS,4WD, Mid-Size Passenger Car,-122.654,45.5271,2013,47035.0,10990.0,11990.0,11990.0,11477.0,73.0,1154.27,9154.27,1835.73,9679.0
2013 Dodge Durango,SXT,4WD, Sport Utility Vehicles,-123.8095,46.9768,2013,52903.0,19512.0,22995.0,22595.0,17656.3333,112.0,2354.11,19594.11,-82.11,17094.0
2013 Ford Escape,Titanium,4WD, Sport Utility Vehicles,-122.8771,42.3556,2013,65040.0,17987.0,19999.0,17987.0,15318.6,3.0,1346.87,13846.87,4140.13,14493.0
2013 Ford Explorer,XLT,4WD, Sport Utility Vehicles,-123.8095,46.9768,2013,65175.0,19886.0,19999.0,19999.0,18051.7142,34.0,800.15,17030.15,2855.85,16971.0
2013 Ford F-150,Lariat,4WD, Standard Pickup Trucks,-123.8095,46.9768,2013,53968.0,30557.0,30557.0,30557.0,24047.0909,11.0,524.77,25339.77,5217.23,27019.0
2013 Ford Focus,SE,4WD, Compact Passenger Car,-122.654,45.5271,2013,111533.0,7990.0,7990.0,7990.0,8705.4444,38.0,1651.75,4401.75,3588.25,4774.0
2013 Ford Fusion,SE,4WD, Mid-Size Passenger Car,-122.8771,42.3556,2013,40941.0,13985.0,16999.0,13985.0,13930.0,8.0,1196.5,11196.5,2788.5,11200.0
2013 Ford Fusion,TITANIUM,4WD, Mid-Size Passenger Car,-122.654,45.5271,2013,92220.0,11990.0,11990.0,11990.0,13765.3333,3.0,985.73,9785.73,2204.27,9911.0
2013 Honda CR-V,EX-L,4WD, Sport Utility Vehicles,-123.8095,46.9768,2013,90788.0,16995.0,17695.0,16995.0,18113.2,26.0,1348.67,14043.67,2951.33,14845.0
2013 Honda CR-V,EX-L,4WD, Sport Utility Vehicles,-122.8771,42.3556,2013,57358.0,20987.0,22999.0,20987.0,18896.2,27.0,1190.53,16009.28,4977.72,17448.0
2013 Honda Fit,Sport,4WD, Sub-Compact Passenger Car,-123.8095,46.9768,2013,72263.0,11999.0,11999.0,11999.0,12700.625,5.0,80.0,8735.0,3264.0,9350.0
2013 Hyundai Elantra,GLS,4WD, Compact Passenger Car,-123.8095,46.9768,2013,72880.0,9999.0,9999.0,9999.0,9447.625,18.0,1640.07,8275.07,1723.93,7385.0
2013 Hyundai Santa Fe,SPORT,4WD, Sport Utility Vehicles,-122.654,45.5271,2013,96631.0,12990.0,14990.0,14990.0,13987.0,95.0,652.34,13702.34,-712.34,11602.0
2013 INFINITI G37,Journey,4WD, Compact Passenger Car,-123.8095,46.9768,2013,70140.0,13499.0,17985.0,17985.0,16044.5,69.0,1463.8,12896.3,602.7,11925.0
2013 Jeep Wrangler Unlimited,SAHARA,2WD, Sport Utility Vehicles,-114.45700000000001,42.5913,2013,48571.0,29999.0,29999.0,29999.0,24745.5,35.0,1402.94,24062.94,5936.06,26102.0
2013 MINI Cooper Hardtop,S,4WD, Mini-Compact Passenger Car,-122.7711,45.4954,2013,63876.5,11990.0,12490.0,11990.0,11246.25,6.5,1290.31,8645.154999999999,3344.8450000000003,9178.5
2013 Nissan Altima,2.5 SL,4WD, Mid-Size Passenger Car,-123.0815,44.0588,2013,57991.0,13990.0,14990.0,14990.0,11785.4444,16.0,950.02,10450.02,3539.98,10572.0
2013 Nissan JUKE,SV,4WD,Small Wagon,-122.7711,45.4954,2013,47690.0,12990.0,13990.0,13990.0,11491.5,56.0,1254.97,12442.47,547.53,10835.0
2013 Nissan Pathfinder,PLATINUM,4WD, Sport Utility Vehicles,-123.2585,44.5725,2013,70021.0,21997.0,21997.0,21997.0,14640.25,19.0,13.0,18770.42,3226.58,17600.0
2013 Nissan Pathfinder,SV,4WD, Sport Utility Vehicles,-123.0815,44.0588,2013,96751.0,14995.0,14995.0,14995.0,16390.75,1.0,304.15,9804.15,5190.85,11487.0
2013 Ram 1500,Express,4WD, Standard Pickup Trucks,-123.8095,46.9768,2013,112281.0,18995.0,18995.0,18995.0,22668.1111,22.0,1209.6,13904.6,5090.4,14431.0
2013 Ram 1500,LARAMIE,2WD, Standard Pickup Trucks,-122.654,45.5271,2013,63063.0,28990.0,28990.0,28990.0,23896.25,49.0,3512.85,26512.85,2477.15,26957.0
2013 Ram 1500,Laramie,4WD, Standard Pickup Trucks,-123.0815,44.0588,2013,71445.0,25690.0,30000.0,30000.0,27161.5555,95.0,1403.89,25833.89,-143.89,25840.0
2013 Ram 1500,SLT,4WD, Standard Pickup Trucks,-122.654,45.5271,2013,60804.0,25990.0,25990.0,25990.0,21692.0,42.0,2612.05,24797.05,1192.95,21287.0
2013 Ram 3500,Laramie Limited,4WD, Standard Pickup Trucks,-117.3979,47.7552,2013,134255.0,31995.0,35995.0,40575.0,42249.0,90.0,894.91,31894.91,100.09,35113.0
2013 Ram 3500,TRADESMAN,4WD, Standard Pickup Trucks,-117.3979,47.7552,2013,71390.0,24995.0,26995.0,29458.0,26990.0,70.0,476.5,20539.0,4456.0,28333.0
2013 Toyota Sienna,XLE,4WD, Minivans,-122.5688,45.6611,2013,110777.0,16281.0,16281.0,34720.0,19998.0,9.0,22.5,11776.38,4504.62,15328.0
2014 Chevrolet Malibu,LT,4WD, Mid-Size Passenger Car,-114.45700000000001,42.5913,2014,64325.0,11866.0,11866.0,11866.0,11555.5,6.0,2022.04,9022.04,2843.96,10094.0
2014 Chrysler Town & Country,TOURING,4WD, Minivans,-123.0815,44.0588,2014,45534.0,14800.0,15988.0,15988.0,14271.5,8.0,1048.73,12048.73,2751.27,12992.0
2014 FIAT 500L,LOUNGE,4WD,Small Wagon,-117.3979,47.7552,2014,9373.0,14995.0,14995.0,12588.0,10868.0,9.0,200.7,9200.7,5794.3,9228.0
2014 Ford Edge,Sport,2WD, Sport Utility Vehicles,-122.8771,42.3556,2014,36211.0,23986.0,26999.0,24987.0,18999.0,33.0,1335.36,20335.36,3650.64,21866.0
2014 Ford Explorer,BASE,4WD, Sport Utility Vehicles,-121.7547,42.2076,2014,103018.0,15997.0,16000.0,16000.0,17763.0,39.0,1619.49,12619.49,3377.51,12509.0
2014 Ford Explorer,XLT,4WD, Sport Utility Vehicles,-122.654,45.5271,2014,80214.0,17990.0,17990.0,17990.0,20009.1428,6.0,632.46,17397.46,592.54,16658.0
2014 Ford F-150,XLT,2WD, Standard Pickup Trucks,-123.4436,46.9971,2014,46785.0,26289.0,28995.0,28995.0,23395.3333,163.0,28995.0,24650.48,1638.52,26956.0
2014 Ford Focus,SE,4WD, Compact Passenger Car,-123.1763,44.0487,2014,48526.0,10996.0,13999.0,13999.0,10475.0714,3.0,236.0,6700.0,4296.0,9402.0
2014 Ford Fusion,SE,2WD, Mid-Size Passenger Car,-122.8771,42.3556,2014,30780.0,12984.0,18999.0,12984.0,12892.75,89.0,1291.16,13428.66,-444.66,12728.0
2014 Ford Fusion,TITANIUM,4WD, Mid-Size Passenger Car,-122.654,45.5271,2014,84018.0,12990.0,12990.0,12990.0,15991.0,68.0,878.74,11873.74,1116.26,11364.0
2014 Ford Mustang,V6 Premium,2WD, Sub-Compact Passenger Car,-123.8095,46.9768,2014,42905.0,13999.0,16999.0,16999.0,14532.7857,96.0,1388.15,14588.15,-589.15,14959.0
2014 Hyundai Sonata,GLS,4WD, Large Passenger Car,-123.8095,46.9768,2014,158251.0,9999.0,9999.0,9999.0,11674.0,20.0,1206.27,5821.27,4177.73,5322.0
2014 Jeep Compass,SPORT,4WD, Sport Utility Vehicles,-122.654,45.5271,2014,56760.0,10990.0,10990.0,10990.0,10250.0,14.0,1575.29,7275.29,3714.71,9453.0
2014 Jeep Patriot,SPORT,4WD, Sport Utility Vehicles,-123.4436,46.9971,2014,102111.0,9989.0,9989.0,9989.0,11995.0,6.0,9989.0,4700.0,5289.0,8145.0
2014 Jeep Patriot,SPORT,4WD, Sport Utility Vehicles,-123.1763,44.0487,2014,50795.0,11996.0,14999.0,14999.0,10985.0,6.0,236.0,8200.0,3796.0,11539.0
2014 Jeep Wrangler Unlimited,RUBICON,4WD, Sport Utility Vehicles,-122.654,45.5271,2014,22746.0,35790.0,35790.0,35790.0,30495.0,28.0,1149.44,33414.44,2375.56,34061.0
2014 Jeep Wrangler Unlimited,SPORT,4WD, Sport Utility Vehicles,-122.654,45.5271,2014,62025.0,25240.0,25240.0,25240.0,26842.555500000002,17.0,966.51,23943.510000000002,1296.49,24245.5
2014 Jeep Wrangler Unlimited,SPORT,4WD, Sport Utility Vehicles,-117.3979,47.7552,2014,76317.0,22495.0,24495.0,24597.5,25060.0,50.5,935.075,20435.074999999997,2059.925,22157.0
2014 Kia Optima,SX Turbo,2WD, Mid-Size Passenger Car,-122.7711,45.4954,2014,24784.0,17490.0,19990.0,19990.0,17010.4,91.0,782.95,18647.95,-1157.95,16704.0
2014 Kia Soul,BASE,4WD,Small Wagon,-122.654,45.5271,2014,46216.0,9990.0,9990.0,9990.0,10832.6,6.0,814.23,9844.23,145.77,9071.0
2014 Lexus IS 350, ,4WD, Compact Passenger Car,-149.866,61.1334,2014,18830.0,31995.0,34995.0,34995.0,29988.0,114.0,1828.21,26828.21,5166.79,29275.0
2014 Mazda MAZDA3,I TOURING,4WD, Mid-Size Passenger Car,-122.654,45.5271,2014,67993.0,11790.0,11790.0,11790.0,12188.5,42.0,2199.89,10704.89,1085.11,9050.0
2014 Mazda MAZDA6,I GRAND TOURING,4WD, Mid-Size Passenger Car,-122.7711,45.4954,2014,93175.0,11490.0,13990.0,13990.0,14590.1666,96.0,1179.46,12416.96,-926.96,10635.0
2014 Nissan Altima,2.5 S,2WD, Mid-Size Passenger Car,-122.7711,45.4954,2014,46327.0,11490.0,12990.0,12990.0,11760.0,65.0,843.64,9524.89,1965.11,9734.0
2014 Nissan Maxima,3.5 S,4WD, Mid-Size Passenger Car,-123.8095,46.9768,2014,71016.0,12923.0,12923.0,12923.0,14993.8,19.0,80.0,8735.0,4188.0,10015.0
2014 Nissan Maxima,3.5 S,4WD, Mid-Size Passenger Car,-123.2585,44.5725,2014,88528.0,14995.0,15997.0,15997.0,13743.5,11.0,220.0,9075.0,5920.0,12075.0
2014 Nissan Versa,S PLUS,4WD, Compact Passenger Car,-123.4436,46.9971,2014,83165.0,7999.0,7999.0,7999.0,6385.0,7.0,7999.0,4400.0,3599.0,7070.0
2014 Ram 1500,LONGHORN,4WD, Standard Pickup Trucks,-149.866,61.1334,2014,97752.0,25995.0,29995.0,29995.0,30360.0,44.0,2023.69,24588.69,1406.31,25575.0
2014 Ram 1500,Longhorn,2WD, Standard Pickup Trucks,-122.8771,42.3556,2014,68718.0,28984.0,36999.0,29984.0,31472.0,123.0,3225.03,29693.78,-709.78,29520.0
2014 Ram 1500,SLT,4WD, Standard Pickup Trucks,-117.3979,47.7552,2014,35380.0,23995.0,23995.0,24829.0,23518.2857,12.0,627.58,20327.58,3667.42,21726.0
2014 Ram 1500,TRADESMAN,4WD, Standard Pickup Trucks,-117.3979,47.7552,2014,82950.0,17995.0,17995.0,19698.0,22739.6363,15.0,225.2,13725.2,4269.8,16896.0
2014 Ram 2500,LONGHORN,4WD, Standard Pickup Trucks,-117.3979,47.7552,2014,57378.0,46995.0,46995.0,48106.0,47872.5,35.0,3226.13,46783.63,211.37,46512.0
2014 Ram 3500,SLT,4WD, Standard Pickup Trucks,-117.3979,47.7552,2014,88297.0,30995.0,34995.0,36339.0,35750.0,83.0,1247.35,30107.95,887.05,32898.0
2014 Ram 3500,SLT,4WD, Standard Pickup Trucks,-114.45700000000001,42.5913,2014,91515.0,32999.0,34999.0,36000.0,33208.0,53.0,4850.01,31479.22,1519.78,32156.0
2014 Subaru Outback,3.6R Limited,4WD, Sport Utility Vehicles,-123.8016,46.9674,2014,83730.0,18999.0,19896.0,19896.0,19755.0,56.0,1559.2,18294.2,704.8,17960.0
2014 Toyota Prius V,Two,4WD,Mid-Size Wagon,-122.5688,45.6611,2014,83514.0,16111.0,16111.0,28155.0,18098.0,6.0,315.0,12549.06,3561.94,15123.0
2014 Toyota RAV4,Limited,4WD, Sport Utility Vehicles,-123.8095,46.9768,2014,132715.0,16395.0,17995.0,17995.0,21104.8,42.0,1292.41,13482.41,2912.59,13784.0
2014 Toyota Tacoma,PRERUNNER,4WD, Small Pickup Trucks,-123.0815,44.0588,2014,37266.0,22700.0,23990.0,23990.0,21053.5,18.0,1011.6,20651.6,2048.4,20855.0
2015 Audi A3,1.8T PREMIUM PLUS,4WD, Sub-Compact Passenger Car,-122.7711,45.4954,2015,48192.0,17985.0,19990.0,19990.0,17957.0,58.0,1088.99,18164.24,-179.24,16540.0
2015 BMW 3 Series,320I XDRIVE,4WD, Compact Passenger Car,-122.7711,45.4954,2015,54510.0,18990.0,19990.0,19990.0,20590.5333,78.0,1218.34,18593.34,396.66,15320.0
2015 BMW 3 Series,335I,4WD, Compact Passenger Car,-122.7711,45.4954,2015,77057.0,21490.0,25990.0,25990.0,26795.7857,105.0,1502.15,23501.9,-2011.9,20845.0
2015 BMW X5,XDRIVE35I,4WD, Sport Utility Vehicles,-122.7711,45.4954,2015,80164.0,25990.0,29990.0,29990.0,33844.4347,97.0,832.66,27296.66,-1306.66,24484.0
2015 Cadillac SRX,LUXURY COLLECTION,4WD, Sport Utility Vehicles,-117.3979,47.7552,2015,35200.0,24995.0,24995.0,25852.0,26494.5,22.0,681.15,20681.15,4313.85,22824.0
2015 Chevrolet Camaro,LT,4WD, Compact Passenger Car,-122.654,45.5271,2015,58116.0,16490.0,16490.0,16490.0,21147.5,51.0,1125.34,13125.34,3364.66,15375.0
2015 Chevrolet Silverado 1500,LTZ,4WD, Standard Pickup Trucks,-149.8673,61.1381,2015,40118.333333333336,35462.5,24783.333333333332,0.0,35492.6428,104.5,1223.7,32509.59,1473.115,33050.0
2015 Chevrolet Silverado 2500HD,High Country,4WD, Standard Pickup Trucks,-123.8016,46.9674,2015,34852.0,53816.0,53816.0,53816.0,49997.0,2.0,80.0,49640.0,4176.0,51660.0
2015 Chevrolet Silverado 2500HD,LTZ,4WD, Standard Pickup Trucks,-149.866,61.1334,2015,50990.5,42995.0,44295.0,44160.0,37944.0,39.5,1197.37,38947.369999999995,4047.63,38350.0
2015 Chrysler 200,Limited,2WD, Mid-Size Passenger Car,-122.8771,42.3556,2015,24774.0,13985.0,16999.0,13985.0,12244.5416,29.0,640.64,11971.89,2013.11,12189.0
2015 Dodge Challenger,SXT,4WD, Mid-Size Passenger Car,-123.8095,46.9768,2015,29961.0,18954.0,18954.0,18954.0,18086.0,1.0,605.0,15625.0,3329.0,17156.0
2015 Dodge Dart,GT,4WD, Mid-Size Passenger Car,-117.3979,47.7552,2015,58012.0,11995.0,11995.0,13200.0,11997.0,30.0,2696.41,10196.41,1798.59,10580.0
2015 Dodge Dart,SXT,4WD, Mid-Size Passenger Car,-117.3979,47.7552,2015,73110.0,8995.0,8995.0,10416.0,11226.0,40.0,2598.66,8098.66,896.34,7826.0
2015 Dodge Dart,SXT,4WD, Mid-Size Passenger Car,-114.45700000000001,42.5913,2015,65731.0,9999.0,10995.0,10995.0,13599.0,23.0,2141.54,8893.14,1105.86,8267.0
2015 FIAT 500,POP,4WD, Mini-Compact Passenger Car,-117.3979,47.7552,2015,72519.0,6995.0,6995.0,7662.0,7498.0,22.0,633.45,3633.45,3361.55,5269.0
2015 Ford Edge,SEL,2WD, Sport Utility Vehicles,-123.8095,46.9768,2015,43127.0,22999.0,23695.0,23695.0,21562.6363,26.0,2225.77,20694.92,2304.08,18936.0
2015 Ford F-150,King Ranch,4WD, Standard Pickup Trucks,-122.8771,42.3556,2015,37972.0,40984.0,44999.0,40984.0,31306.7142,57.0,1882.27,40642.27,341.73,37664.0
2015 Ford F-150,XLT,4WD, Standard Pickup Trucks,-123.2585,44.5725,2015,90660.0,28997.0,28997.0,28997.0,34793.4333,29.0,125.0,22553.7,6443.3,27425.0
2015 Ford F-150,XLT,4WD, Standard Pickup Trucks,-122.8771,42.3556,2015,36986.0,26985.0,30999.0,26985.0,24998.0,57.0,1065.72,25484.47,1500.53,25888.0
2015 Ford Focus,SE,4WD, Compact Passenger Car,-114.45700000000001,42.5913,2015,29007.0,11449.0,11999.0,11999.0,10932.5555,44.0,1185.69,10794.44,654.56,9484.0
2015 Ford Super Duty F-250 SRW,XLT,4WD, Standard Pickup Trucks,-122.8771,42.3556,2015,46731.0,28985.0,32999.0,28985.0,34995.0,34.0,1422.06,26622.06,2362.94,26772.0
2015 Ford Super Duty F-350 SRW,XLT,4WD, Standard Pickup Trucks,-122.8771,42.3556,2015,75777.0,37985.0,40999.0,37985.0,43106.0,49.0,1843.3,35318.3,2666.7,35235.0
2015 GMC Sierra 1500,SLE,4WD, Standard Pickup Trucks,-149.8673,61.1381,2015,88450.5,27900.0,13950.0,0.0,32574.0,34.0,1684.86,22744.93,5530.14,25375.0
2015 GMC Yukon,SLT,4WD, Sport Utility Vehicles,-117.3979,47.7552,2015,47484.0,40995.0,40995.0,41314.0,37585.0,7.0,356.47,35356.47,5638.53,38986.0
2015 Honda CR-V,EX,4WD, Sport Utility Vehicles,-114.45700000000001,42.5913,2015,28053.0,19999.0,20422.0,20422.0,18994.0,32.0,1107.19,17107.19,2891.81,18919.0
2015 Hyundai Accent,GS,4WD, Compact Passenger Car,-122.7711,45.4954,2015,45961.0,10990.0,10990.0,10990.0,10472.0,12.0,683.0,9208.0,1782.0,8769.0
2015 Jeep Cherokee,TRAILHAWK,2WD, Sport Utility Vehicles,-117.3979,47.7552,2015,67933.0,20995.0,20995.0,22200.0,21327.0,40.0,749.46,19389.46,1605.54,19114.0
2015 Jeep Cherokee,TRAILHAWK,4WD, Sport Utility Vehicles,-122.7711,45.4954,2015,30782.0,24990.0,26990.0,26990.0,23518.6666,78.0,852.92,25071.67,-81.67,23394.0
2015 Jeep Grand Cherokee,LAREDO,4WD, Sport Utility Vehicles,-122.7711,45.4954,2015,45121.0,26990.0,28990.0,28990.0,23188.8,135.0,1838.93,27938.93,-948.93,25183.0
2015 Jeep Grand Cherokee,LAREDO,4WD, Sport Utility Vehicles,-122.654,45.5271,2015,31945.0,28990.0,28990.0,28990.0,24333.0,49.0,1616.94,27521.94,1468.06,26501.0
2015 Jeep Grand Cherokee,LIMITED,4WD, Sport Utility Vehicles,-117.3979,47.7552,2015,62745.0,24995.0,25995.0,25850.0,26747.5,40.0,1579.07,24644.07,350.93,21307.0
2015 Jeep Patriot,ALTITUDE EDITION,4WD, Sport Utility Vehicles,-122.654,45.5271,2015,68801.0,10990.0,10990.0,10990.0,13761.0,6.0,1117.07,10617.07,372.93,9199.0
2015 Jeep Patriot,SPORT,4WD, Sport Utility Vehicles,-122.8771,42.3556,2015,65485.0,13987.0,15999.0,13987.0,13806.8,52.0,370.41,8370.41,5616.59,8839.0
2015 Jeep Renegade,LATITUDE,2WD, Sport Utility Vehicles,-114.45700000000001,42.5913,2015,27749.0,15999.0,16449.0,16449.0,14436.0,44.0,1185.43,15070.43,928.57,14183.0
2015 Jeep Wrangler Unlimited,RUBICON,4WD, Sport Utility Vehicles,-122.8771,42.3556,2015,70214.0,32985.0,36999.0,32985.0,34070.4,65.0,2255.97,29905.97,3079.03,27994.0
2015 Jeep Wrangler Unlimited,SAHARA,4WD, Sport Utility Vehicles,-122.654,45.5271,2015,21822.0,31990.0,32990.0,32990.0,29241.25,63.0,3166.5,31201.5,788.5,29884.0
2015 Jeep Wrangler Unlimited,SAHARA,4WD, Sport Utility Vehicles,-121.2746,44.0557,2015,29431.0,31733.0,32995.0,32995.0,30163.0,5.0,236.0,27000.0,4733.0,31499.0
2015 Jeep Wrangler Unlimited,WRANGLER X,2WD, Sport Utility Vehicles,-122.654,45.5271,2015,55827.0,29990.0,29990.0,29990.0,29741.25,20.0,2639.61,27639.61,2350.39,27506.0
2015 Jeep Wrangler Unlimited,WRANGLER X,4WD, Sport Utility Vehicles,-117.3979,47.7552,2015,72067.0,26995.0,29995.0,30325.0,30441.2222,145.0,1398.19,28228.19,-1233.19,25930.0
2015 Kia Optima,EX,4WD, Mid-Size Passenger Car,-122.8771,42.3556,2015,38452.0,18987.0,20999.0,18987.0,16086.2727,6.0,808.07,14808.07,4178.93,15756.0
2015 Kia Soul,BASE,4WD,Small Wagon,-121.2746,44.0557,2015,71121.0,9933.0,10995.0,10995.0,11860.6,11.0,544.8,8200.0,1733.0,10814.0
2015 MINI Cooper Hardtop,S,2WD, Mini-Compact Passenger Car,-122.7711,45.4954,2015,22561.0,19990.0,21990.0,21990.0,16990.0,163.0,3333.5,21195.92,-1205.92,14927.0
2015 MINI Cooper Hardtop,S,4WD, Mini-Compact Passenger Car,-122.7711,45.4954,2015,11787.0,16990.0,19990.0,19990.0,19990.0,90.0,1427.73,17250.63,-260.63,14905.0
2015 MINI Cooper Hardtop 4 Door,S,4WD, Mini-Compact Passenger Car,-122.7711,45.4954,2015,28819.5,16240.0,18490.0,18490.0,16240.0,144.0,1810.58,17705.08,-1465.08,14016.5
2015 Mazda MAZDA3,i Grand Touring,4WD, Compact Passenger Car,-122.8771,42.3556,2015,34526.0,16986.0,18999.0,16986.0,15945.5,38.0,1543.55,14131.05,2854.95,13889.0
2015 Nissan Altima,2.5,2WD, Mid-Size Passenger Car,-114.45700000000001,42.5913,2015,62796.0,12500.0,12500.0,12500.0,13913.8333,4.0,1085.49,7085.49,5414.51,10020.0
2015 Nissan LEAF,S,4WD, Mid-Size Passenger Car,-122.654,45.5271,2015,39013.0,11890.0,12390.0,12390.0,11484.75,68.0,965.2,10740.2,1149.8,9476.0
2015 Nissan Murano,S,4WD,Mid-Size Wagon,-123.0815,44.0588,2015,29958.5,19745.0,22249.5,22497.0,23929.3846,52.5,1150.0900000000001,18902.59,842.4100000000001,17267.5
2015 Nissan Murano,SL,4WD,Mid-Size Wagon,-123.0095,44.9123,2015,21252.0,23885.0,25999.0,25999.0,23610.923,14.0,150.0,21869.28,2015.72,18009.0
2015 Nissan Rogue,S,4WD, Sport Utility Vehicles,-123.0815,44.0588,2015,78715.5,16586.5,18105.0,0.0,17912.875,28.0,792.56,12941.279999999999,3645.2200000000003,12239.5
2015 Nissan Xterra,X,4WD, Sport Utility Vehicles,-122.8771,42.3556,2015,34111.0,21987.0,23999.0,21987.0,21745.0,10.0,1311.23,17311.23,4675.77,18799.0
2015 Ram 1500,SLT,2WD, Standard Pickup Trucks,-117.3979,47.7552,2015,35462.0,26995.0,26995.0,28344.0,25984.5,40.0,567.54,23680.04,3314.96,24364.0
2015 Ram 1500,SLT,4WD, Standard Pickup Trucks,-117.3979,47.7552,2015,48525.0,24495.0,25495.0,30938.5,25817.8333,43.0,508.68499999999995,21524.309999999998,2970.6899999999996,23284.5
2015 Ram 1500,SPORT,2WD, Standard Pickup Trucks,-122.654,45.5271,2015,62104.0,28490.0,29490.0,29490.0,30254.1,92.0,2564.11,29479.11,-989.11,25292.0
2015 Ram 3500,Tradesman,4WD, Standard Pickup Trucks,-117.3979,47.7552,2015,47580.0,28995.0,32995.0,35175.0,29998.0,70.0,464.0,25464.0,3531.0,32489.0
2015 Subaru Legacy,2.5I PREMIUM,4WD, Mid-Size Passenger Car,-122.7711,45.4954,2015,39395.0,15990.0,18990.0,18990.0,16089.0588,135.0,1439.65,17227.15,-1237.15,14139.0
2015 Toyota Camry,SE,4WD, Mid-Size Passenger Car,-122.5688,45.6611,2015,40678.0,17981.0,17981.0,28115.0,16001.0,18.0,140.0,15537.5,2443.5,17033.0
2015 Toyota Corolla,LE ECO,4WD, Compact Passenger Car,-122.5688,45.6611,2015,58953.0,14521.0,14521.0,20164.0,13733.0,18.0,160.0,11276.58,3244.42,13577.0
2015 Toyota Prius,FOUR,4WD, Mid-Size Passenger Car,-122.654,45.5271,2015,50915.0,16990.0,16990.0,16990.0,17636.4814,56.0,1186.75,15201.75,1788.25,14847.0
2015 Toyota RAV4,XLE,4WD, Sport Utility Vehicles,-123.8016,46.9674,2015,35629.0,19499.0,20942.0,20942.0,20583.75,107.0,1895.63,20765.88,-1266.88,18106.0
2015 Toyota Tundra 4WD,LTD,4WD, Standard Pickup Trucks,-122.7711,45.4954,2015,38836.0,34490.0,34990.0,34990.0,33791.5,40.0,1279.2,31929.2,2560.8,31671.0
2015 Toyota Tundra 4WD,SR5,4WD, Standard Pickup Trucks,-123.0095,44.9123,2015,43785.0,32885.0,34999.0,34999.0,32643.3636,4.0,150.0,438.53,32446.47,30317.0
2015 Volkswagen Jetta,1.8T SE,4WD, Compact Passenger Car,-122.654,45.5271,2015,87690.0,10990.0,10990.0,10990.0,11317.4,19.0,1327.49,7827.49,3162.51,8226.0
2015 Volkswagen Jetta,1.8T SE,4WD, Compact Passenger Car,-117.3979,47.7552,2015,66433.0,10995.0,10995.0,11461.0,12742.3333,46.0,1540.52,9096.77,1898.23,9145.0
2016 Chevrolet Cruze,LT,4WD, Compact Passenger Car,-117.3979,47.7552,2016,30988.0,12995.0,12995.0,13894.0,13918.125,20.0,670.06,9670.06,3324.94,11671.0
2016 Chevrolet Impala,LT,4WD, Large Passenger Car,-117.3979,47.7552,2016,36430.0,14995.0,17995.0,18100.0,18498.0,145.0,780.13,16130.13,-1135.13,16277.0
2016 Chevrolet Malibu,LTZ,4WD, Mid-Size Passenger Car,-122.8771,42.3556,2016,43659.0,15985.0,18999.0,16985.0,15660.3333,28.0,614.52,14189.52,1795.48,13826.0
2016 Chevrolet Silverado 1500,LT,4WD, Standard Pickup Trucks,-123.8016,46.9674,2016,48468.0,27033.0,27033.0,27033.0,29999.0,8.0,105.0,22900.0,4133.0,24250.0
2016 Chevrolet Tahoe,LTZ,4WD, Sport Utility Vehicles,-122.8771,42.3556,2016,49600.0,43985.0,48999.0,43985.0,43457.75,57.0,1423.93,40586.43,3398.57,41913.0
2016 Chrysler 200,LIMITED,4WD, Mid-Size Passenger Car,-114.45700000000001,42.5913,2016,35453.0,13999.0,13999.0,13999.0,14250.0,50.0,1151.58,12612.83,1386.17,11923.0
2016 Dodge Charger,R/T,4WD, Large Passenger Car,-122.654,45.5271,2016,49058.0,22790.0,22790.0,22790.0,25814.0,53.0,1396.99,19896.99,2893.01,20828.0
2016 Dodge Grand Caravan,SXT,4WD, Minivans,-117.3979,47.7552,2016,32657.0,15995.0,19995.0,18303.0,15774.4,181.0,450.59,16275.59,-280.59,15528.0
2016 Ford C-Max Hybrid,SEL,2WD, Large Passenger Car,-122.8771,42.3556,2016,42157.0,16995.0,20999.0,16995.0,18793.0,33.0,566.09,15191.09,1803.91,14924.0
2016 Ford Edge,SEL,4WD, Sport Utility Vehicles,-123.8095,46.9768,2016,30685.0,24510.0,24510.0,24510.0,23222.1538,7.0,1447.23,21863.66,2646.34,21444.0
2016 Ford Escape,SE,4WD, Sport Utility Vehicles,-123.8095,46.9768,2016,31906.0,17008.5,18506.5,18506.5,17384.99165,63.0,1969.46,16997.59,10.909999999999968,15076.0
2016 Ford Explorer,XLT,4WD, Sport Utility Vehicles,-122.8771,42.3556,2016,24936.0,29985.0,33999.0,29985.0,25902.8,57.0,1530.2,28463.45,1521.55,25895.0
2016 Ford F-150,LARIAT,4WD, Standard Pickup Trucks,-123.8095,46.9768,2016,40402.0,37996.0,40995.0,40995.0,36917.0833,54.0,3466.39,37949.09,46.91,35368.0
2016 Ford F-150,XLT,4WD, Standard Pickup Trucks,-123.8095,46.9768,2016,21592.0,33439.0,36985.0,36985.0,31359.8181,55.0,1507.28,32192.38,1246.62,31097.0
2016 Ford F-150,XLT,4WD, Standard Pickup Trucks,-122.654,45.5271,2016,40206.0,27995.0,30990.0,30990.0,36164.8333,86.0,2200.34,29400.34,-1405.34,28838.0
2016 Ford Flex,Limited w/EcoBoost,4WD, Sport Utility Vehicles,-122.8771,42.3556,2016,51920.0,26985.0,29999.0,26985.0,29873.5,30.0,1486.52,24547.17,2437.83,24251.0
2016 Ford Focus,SE,4WD, Compact Passenger Car,-121.7555,42.2011,2016,16468.0,13227.0,14995.0,14995.0,12167.0,56.0,881.35,11475.1,1751.9,10297.0
2016 Ford Fusion,SE,4WD, Mid-Size Passenger Car,-123.8095,46.9768,2016,23879.0,17238.333333333332,17364.666666666668,17170.5,14606.191333333334,21.5,1088.96,14127.845000000001,2853.155,14145.666666666666
2016 Ford Mustang,EcoBoost Premium,4WD, Sub-Compact Passenger Car,-122.8771,42.3556,2016,18009.0,21984.0,25999.0,21984.0,21448.25,57.0,1103.24,21254.74,729.26,20117.0
2016 Ford Super Duty F-250 SRW,XLT,4WD, Standard Pickup Trucks,-122.8771,42.3556,2016,64977.0,31986.0,17499.5,15993.0,37824.0,11.0,1897.9,26448.95,4088.1,28438.0
2016 Ford Transit Connect,Titanium,4WD, Minivans,-122.8771,42.3556,2016,7503.0,23985.0,27999.0,23985.0,22995.0,57.0,995.15,22473.2,1511.8,21606.0
2016 Honda Accord,LX,2WD, Mid-Size Passenger Car,-122.8771,42.3556,2016,43224.0,16984.0,20999.0,16984.0,17139.55,78.0,411.14,16088.89,895.11,14703.0
2016 Honda CR-V,TOURING,4WD, Sport Utility Vehicles,-122.654,45.5271,2016,21879.0,26890.0,27490.0,27490.0,28341.0,61.0,1051.81,26356.81,533.19,25247.0
2016 Hyundai Accent,SE,4WD, Compact Passenger Car,-123.8016,46.9674,2016,34184.0,10244.0,10244.0,10244.0,10529.6666,38.0,1068.79,9218.79,1025.21,8349.0
2016 Hyundai Elantra,SE,4WD, Mid-Size Passenger Car,-123.2585,44.5725,2016,111766.0,11997.0,11997.0,11997.0,11679.0434,4.0,220.0,6075.0,5922.0,8850.0
2016 Jeep Cherokee,SPORT,4WD, Sport Utility Vehicles,-123.1763,44.0487,2016,64934.0,15886.0,16999.0,16999.0,16801.6666,6.0,236.0,12070.0,3816.0,14169.0
2016 Jeep Compass,LATITUDE,2WD, Sport Utility Vehicles,-114.45700000000001,42.5913,2016,39114.0,14999.0,16623.0,16623.0,18998.0,85.0,1265.74,14413.99,585.01,14306.0
2016 Jeep Compass,SPORT,4WD, Sport Utility Vehicles,-122.654,45.5271,2016,40089.0,14990.0,15990.0,15990.0,14470.5,83.0,1538.58,15053.58,-63.58,13636.0
2016 Jeep Patriot,SPORT,4WD, Sport Utility Vehicles,-117.3979,47.7552,2016,25736.0,11995.0,13995.0,14145.0,12499.0,68.0,1307.61,11057.51,937.49,11747.0
2016 Kia Sorento,LX,4WD, Sport Utility Vehicles,-123.0095,44.9123,2016,33326.0,18885.0,24995.0,24995.0,18131.8571,538.0,236.67,14906.56,3978.44,15117.0
2016 Kia Soul,Base,4WD,Small Wagon,-122.8771,42.3556,2016,66936.0,12985.0,14999.0,12985.0,13233.1538,29.0,666.71,10504.21,2480.79,9501.0
2016 MINI Cooper Clubman,S,4WD, Sub-Compact Passenger Car,-122.7711,45.4954,2016,23920.0,23690.0,24390.0,24990.0,23207.18094,53.0,1384.3799999999999,21157.25,2532.75,21597.0
2016 MINI Cooper Countryman,S,2WD, Compact Passenger Car,-122.7711,45.4954,2016,33163.0,21656.666666666668,22990.0,23990.0,21316.466666666667,70.66666666666667,1454.12,19661.203333333335,1995.4633333333331,18627.666666666668
2016 MINI Cooper Hardtop, ,2WD, Mini-Compact Passenger Car,-122.7711,45.4954,2016,22861.0,18790.0,18990.0,20700.0,17490.0,33.0,2385.93,16235.93,2554.07,13180.0
2016 Mazda CX-3,Grand Touring,4WD, Sport Utility Vehicles,-123.8016,46.9674,2016,39227.0,19996.0,20307.0,20307.0,19898.0,33.0,1036.01,18781.01,1214.99,18300.0
2016 Mazda CX-5,GRAND TOURING,2WD, Sport Utility Vehicles,-122.7711,45.4954,2016,19922.0,22490.0,25990.0,25990.0,23175.1805,105.0,935.43,23661.68,-1171.68,23514.0
2016 Mazda CX-5,Sport,2WD, Sport Utility Vehicles,-122.8771,42.3556,2016,19801.0,19986.0,21999.0,19986.0,18545.0,21.0,1380.17,16486.42,3499.58,17028.0
2016 Mazda CX-5,TOURING,4WD, Sport Utility Vehicles,-121.7555,42.2011,2016,44333.0,18668.0,19995.0,19995.0,20814.8888,74.0,1174.4,17268.15,1399.85,17467.0
2016 Mazda CX-5,Touring,4WD, Sport Utility Vehicles,-122.8771,42.3556,2016,35162.0,21987.0,23999.0,21987.0,20603.0,6.0,1127.86,17127.86,4859.14,18199.0
2016 Nissan Altima,2.5 SL,4WD, Mid-Size Passenger Car,-122.7711,45.4954,2016,2271.0,17990.0,18990.0,18990.0,17347.0909,55.0,415.64,16871.89,1118.11,16226.0
2016 Nissan LEAF,S,4WD, Mid-Size Passenger Car,-123.1763,44.0487,2016,33165.0,12986.0,15999.0,15999.0,15056.5454,13.0,237.74,10820.0,2166.0,10442.0
2016 Nissan Maxima,3.5 SR,4WD, Mid-Size Passenger Car,-122.8771,42.3556,2016,40070.0,19984.0,23999.0,20985.0,21959.7777,28.0,1099.48,19099.48,884.52,19034.0
2016 Nissan Pathfinder,PLATINUM,4WD, Sport Utility Vehicles,-122.7711,45.4954,2016,42231.0,26790.0,26990.0,26990.0,21316.0526,32.0,1205.28,23486.53,3303.47,23875.0
2016 Ram 1500,LARAMIE,4WD, Standard Pickup Trucks,-117.3979,47.7552,2016,40988.0,37495.0,37495.0,37731.0,35183.875,21.5,803.73,32151.865,5343.135,33651.5
2016 Ram 1500,LONGHORN,4WD, Standard Pickup Trucks,-114.45700000000001,42.5913,2016,65184.5,32969.0,33309.5,32915.0,31078.0,31.0,1638.92,28913.92,4055.08,29230.0
2016 Ram 1500,REBEL,4WD, Standard Pickup Trucks,-114.45700000000001,42.5913,2016,75066.0,31297.0,31297.0,31297.0,33000.0,1.0,884.1,26884.1,4412.9,27907.0
2016 Ram 1500,SLT,4WD, Standard Pickup Trucks,-122.8771,42.3556,2016,45195.0,26985.0,30999.0,26985.0,28531.9166,56.0,962.7,24225.2,2759.8,23830.0
2016 Ram 1500,SPORT,4WD, Standard Pickup Trucks,-114.45700000000001,42.5913,2016,34818.0,32999.0,33449.0,33449.0,31609.3333,40.0,2432.33,30717.33,2281.67,29005.0
2016 Ram 3500,Tradesman,4WD, Standard Pickup Trucks,-121.7547,42.2076,2016,34526.0,42997.0,42997.0,42997.0,39995.0,26.0,2392.0,38892.0,4105.0,39114.0
2016 Ram ProMaster City,TRADESMAN SLT,4WD,Cargo Vans,-122.654,45.5271,2016,37598.0,17990.0,17990.0,17990.0,17297.3333,34.0,973.77,16808.77,1181.23,15907.0
2016 Subaru Legacy,2.5I PREMIUM,4WD, Mid-Size Passenger Car,-122.7711,45.4954,2016,25198.0,17990.0,18990.0,18990.0,17938.44,79.0,892.09,18254.59,-264.59,15991.0
2016 Toyota 4Runner,SR5 Premium,4WD, Sport Utility Vehicles,-123.8016,46.9674,2016,37384.0,33118.0,33118.0,33118.0,34919.1111,11.0,863.0,31233.0,1885.0,31103.0
2016 Toyota Avalon,XLE,4WD, Mid-Size Passenger Car,-117.3979,47.7552,2016,39334.0,16995.0,19995.0,20507.0,21828.6666,70.0,463.29,16900.79,94.21,18360.0
2016 Toyota Corolla,S PLUS,4WD, Compact Passenger Car,-122.5688,45.6611,2016,32210.5,17801.0,8900.5,0.0,15351.33905,18.0,190.0,15008.975,1813.05,16440.5
2016 Toyota Corolla,S Premium,2WD, Compact Passenger Car,-122.8771,42.3556,2016,11627.0,17985.0,20999.0,17985.0,15321.1666,48.0,187.67,15281.42,2703.58,15759.0
2016 Toyota Highlander,XLE,4WD, Sport Utility Vehicles,-122.5688,45.6611,2016,38971.666666666664,31224.333333333332,33780.333333333336,40462.0,32645.50973333333,10.0,100.0,28785.36666666667,2438.9666666666667,30266.666666666668
2016 Toyota Prius V,FIVE,4WD,Mid-Size Wagon,-122.654,45.5271,2016,56668.0,20990.0,20990.0,20990.0,21543.8,27.0,2869.78,18869.78,2120.22,18554.0
2016 Toyota RAV4,SE,2WD, Sport Utility Vehicles,-122.5688,45.6611,2016,53710.0,24351.0,24351.0,32159.0,24680.5714,16.0,85.0,21644.53,2706.47,22524.0
2016 Toyota RAV4,XLE,4WD, Sport Utility Vehicles,-123.0815,44.0588,2016,43924.0,20988.0,20495.0,20495.0,23191.3333,11.0,1726.73,18896.73,2091.27,18639.0
2016 Toyota Tacoma,TRD Off Road,4WD, Small Pickup Trucks,-122.8771,42.3556,2016,23815.0,33985.0,37999.0,33985.0,33369.7777,46.0,1043.44,31255.94,2729.06,31780.0
2016 Toyota Tacoma,TRD SPORT,4WD, Small Pickup Trucks,-117.3979,47.7552,2016,54632.0,30995.0,30995.0,31175.0,32038.8333,13.0,612.13,27012.13,3982.87,28215.0
2016 Toyota Tundra 4WD,SR5,4WD, Standard Pickup Trucks,-122.5688,45.6611,2016,31958.5,36746.0,36746.0,42674.0,36006.7777,8.5,136.5,31457.739999999998,5288.26,35362.0
2016 Volkswagen Jetta,1.4T SE,4WD, Compact Passenger Car,-122.654,45.5271,2016,41214.0,12990.0,12990.0,12990.0,12843.8,4.0,866.9,10366.9,2623.1,11490.0
2017 Chevrolet Camaro,LS,4WD, Sub-Compact Passenger Car,-123.8016,46.9674,2017,42960.0,17999.0,18479.0,18479.0,20425.5,33.0,1331.63,15036.63,2962.37,16086.0
2017 Chevrolet Colorado,4WD Z71,4WD, Small Pickup Trucks,-149.8673,61.1381,2017,9615.0,32575.0,32575.0,32615.0,30999.0,26.0,1283.55,28883.55,3691.45,30675.0
2017 Chevrolet Cruze,LT,2WD, Compact Passenger Car,-122.8771,42.3556,2017,35504.0,11984.0,16999.0,11984.0,15025.7209,112.0,1062.36,12871.36,-887.36,12047.0
2017 Chevrolet Cruze,LT,4WD, Compact Passenger Car,-114.45700000000001,42.5913,2017,39606.0,12999.0,13999.0,13999.0,14265.5277,56.0,1223.97,11930.22,1068.78,12057.0
2017 Chevrolet Impala,LT,4WD, Large Passenger Car,-114.45700000000001,42.5913,2017,52024.0,15449.0,15999.0,15999.0,16179.9444,44.0,1898.28,15033.28,415.72,14289.0
2017 Chevrolet Silverado 1500,LT,4WD, Standard Pickup Trucks,-149.866,61.1334,2017,17446.5,34095.0,34095.0,34275.0,36114.99995,14.5,1183.54,29591.77,4503.23,32200.0
2017 Chevrolet Silverado 1500,LTZ,4WD, Standard Pickup Trucks,-123.2585,44.5725,2017,25973.0,42997.0,42997.0,42997.0,37793.5,19.0,39.0,34166.62,8830.38,39025.0
2017 Chevrolet Traverse,LT,4WD, Sport Utility Vehicles,-114.45700000000001,42.5913,2017,44051.0,21999.0,27974.0,27974.0,23437.5,173.0,1161.37,24285.12,-2286.12,21417.0
2017 Chrysler Pacifica,TOURING,4WD, Minivans,-122.654,45.5271,2017,32621.0,20990.0,21990.0,21990.0,22200.0,68.0,1064.17,18008.17,2981.83,19112.0
2017 Dodge Challenger,SXT,4WD, Mid-Size Passenger Car,-122.8771,42.3556,2017,20634.0,22985.0,26999.0,22985.0,20011.2,39.0,1600.03,20593.78,2391.22,22494.0
2017 Dodge Durango,SXT,4WD, Sport Utility Vehicles,-149.866,61.1334,2017,71917.0,26195.0,26795.0,26200.0,27749.5,33.0,1333.21,21333.21,4861.79,22725.0
2017 Dodge Grand Caravan,SXT,4WD, Minivans,-123.8095,46.9768,2017,44714.0,16802.666666666668,18134.666666666668,18134.666666666668,16846.88753333333,30.0,1126.9433333333334,15103.276666666667,1699.39,15041.333333333334
2017 Dodge Grand Caravan,SXT,4WD, Minivans,-123.8016,46.9674,2017,43963.0,16954.0,16954.0,16954.0,16264.1935,8.0,1234.36,15587.76,1366.24,15063.0
2017 Dodge Journey,GT,2WD, Sport Utility Vehicles,-122.7711,45.4954,2017,10084.0,21490.0,25990.0,25990.0,22900.0,155.0,905.75,23940.75,-2450.75,19344.0
2017 Ford Escape,S,4WD, Sport Utility Vehicles,-122.8771,42.3556,2017,24615.0,15985.0,18999.0,15985.0,16475.5,37.0,945.54,14726.79,1258.21,13814.0
2017 Ford Escape,SE,2WD, Sport Utility Vehicles,-122.8771,42.3556,2017,30974.0,18985.0,21999.0,18985.0,17628.5,32.0,1042.76,16061.51,2923.49,16178.0
2017 Ford Escape,SE,4WD, Sport Utility Vehicles,-123.1763,44.0487,2017,36994.0,17941.0,21499.0,21499.0,17589.63155,62.5,237.56,16673.305,1267.695,18138.5
2017 Ford Escape,SE,4WD, Sport Utility Vehicles,-122.8771,42.3556,2017,13836.0,21987.0,23999.0,21987.0,19714.7777,12.0,1032.35,17032.35,4954.65,18400.0
2017 Ford Escape,SE,4WD, Sport Utility Vehicles,-114.45700000000001,42.5913,2017,56553.0,17871.0,17871.0,17871.0,18653.6666,36.0,1740.98,14840.98,3030.02,14797.0
2017 Ford Explorer,XLT,4WD, Sport Utility Vehicles,-123.8095,46.9768,2017,52872.0,23899.0,27985.0,27985.0,27219.7826,61.0,1736.15,22578.8,1320.2,22125.0
2017 Ford Explorer,XLT,4WD, Sport Utility Vehicles,-117.3979,47.7552,2017,32872.0,23495.0,28995.0,27443.0,26354.2,116.0,450.59,24555.59,-1060.59,24213.0
2017 Ford F-150,XLT,4WD, Standard Pickup Trucks,-121.7555,42.2011,2017,14548.0,29948.0,39940.0,39940.0,32790.25,69.0,866.3,26947.55,3000.45,28227.0
2017 Ford F-150,XLT,4WD, Standard Pickup Trucks,-117.3979,47.7552,2017,25895.0,26995.0,31995.0,31287.0,30785.0,160.0,677.18,27329.68,-334.68,27305.0
2017 Ford Fiesta,SE,4WD, Sub-Compact Passenger Car,-123.8095,46.9768,2017,8998.0,11999.0,14997.0,14595.0,11254.8333,68.0,673.57,11348.57,650.43,10552.0
2017 Ford Fiesta,SE,4WD, Sub-Compact Passenger Car,-123.4436,46.9971,2017,24610.0,12289.0,14995.0,14995.0,11529.76,156.0,14995.0,11011.66,1277.34,12631.0
2017 Ford Focus,SE,2WD, Compact Passenger Car,-122.654,45.5271,2017,19792.0,13990.0,13990.0,13990.0,12154.6666,16.0,1766.26,10766.26,3223.74,11694.0
2017 Ford Focus,SE,4WD, Compact Passenger Car,-122.7711,45.4954,2017,42851.0,10990.0,13990.0,13990.0,12573.0736,92.0,752.95,11659.2,-669.2,10625.0
2017 Ford Focus,SE,4WD, Compact Passenger Car,-114.45700000000001,42.5913,2017,42174.0,10999.0,14146.0,14146.0,11970.8333,172.0,1205.94,12393.44,-1394.44,10344.0
2017 Ford Fusion,HYBRID SE,4WD, Mid-Size Passenger Car,-117.3979,47.7552,2017,39644.0,15995.0,15995.0,16750.0,15887.0,27.0,1332.44,14951.19,1043.81,13972.0
2017 Ford Fusion,SE,4WD, Mid-Size Passenger Car,-117.3979,47.7552,2017,13757.0,17995.0,17995.0,18672.0,16725.6666,27.0,674.17,14174.17,3820.83,15208.0
2017 Ford Super Duty F-350 SRW,Lariat,2WD, Standard Pickup Trucks,-122.8771,42.3556,2017,9407.0,64985.0,68999.0,64985.0,61995.8888,78.0,1987.36,61206.11,3778.89,60826.0
2017 Ford Taurus,LIMITED,4WD, Large Passenger Car,-117.3979,47.7552,2017,30014.0,17495.0,20995.0,20096.0,20609.5,181.0,450.59,18588.09,-1093.09,17909.0
2017 GMC Sierra 1500,SLE,4WD, Standard Pickup Trucks,-149.8673,61.1381,2017,43972.5,25888.0,14462.5,0.0,31321.5,79.0,2352.37,27686.184999999998,-1084.37,29637.5
2017 Hyundai Accent,SE,4WD, Compact Passenger Car,-122.8771,42.3556,2017,40898.0,11985.0,15999.0,11985.0,11964.1529,29.0,517.56,10611.31,1373.69,10340.0
2017 Hyundai Elantra,LIMITED,4WD, Mid-Size Passenger Car,-117.3979,47.7552,2017,44011.0,13995.0,16995.0,17650.0,14774.5454,131.0,520.97,13708.47,286.53,13326.0
2017 Hyundai Elantra,SE,2WD, Mid-Size Passenger Car,-122.8771,42.3556,2017,51563.0,11985.0,15999.0,11985.0,12895.9047,29.0,566.99,10579.49,1405.51,10487.0
2017 Hyundai Sonata,Sport,4WD, Large Passenger Car,-123.8095,46.9768,2017,50529.0,13999.0,16995.0,16995.0,13171.9361,67.0,752.0,13447.0,552.0,13150.0
2017 Hyundai Tucson,SE,2WD, Sport Utility Vehicles,-123.1763,44.0487,2017,57791.0,16996.0,19999.0,19999.0,18158.6666,12.0,242.45,14930.0,2066.0,16621.0
2017 Jeep Compass,Sport,4WD, Sport Utility Vehicles,-122.654,45.5271,2017,40910.0,15990.0,15990.0,13775.0,15849.5,13.0,1225.35,15340.35,649.65,14545.0
2017 Jeep Grand Cherokee,LIMITED,2WD, Sport Utility Vehicles,-117.3979,47.7552,2017,37802.0,29995.0,29995.0,30625.0,29655.6428,19.0,1331.13,28893.63,1101.37,26268.0
2017 Jeep Grand Cherokee,LIMITED,4WD, Sport Utility Vehicles,-123.8095,46.9768,2017,14109.0,30315.0,38585.0,38585.0,29688.25,56.0,1365.83,29091.63,1223.37,32126.0
2017 Jeep Grand Cherokee,Limited,2WD, Sport Utility Vehicles,-123.8095,46.9768,2017,16982.0,29214.0,33995.0,33995.0,29743.3,84.0,1394.15,28412.95,801.05,29161.0
2017 Jeep Renegade,LATITUDE,4WD, Sport Utility Vehicles,-114.45700000000001,42.5913,2017,32831.0,15999.0,15999.0,15999.0,22336.0,40.0,2045.92,15480.92,518.08,14737.0
2017 Jeep Renegade,SPORT,4WD, Sport Utility Vehicles,-114.45700000000001,42.5913,2017,15930.0,16999.0,17500.0,17500.0,17244.5,11.0,1183.63,14683.63,2315.37,15030.0
2017 Jeep Renegade,Sport,4WD, Sport Utility Vehicles,-123.8095,46.9768,2017,37525.0,16773.0,17173.0,17173.0,18404.3333,37.0,883.15,15093.15,1679.85,13849.0
2017 Jeep Wrangler Unlimited,RUBICON RECON,4WD, Sport Utility Vehicles,-117.3979,47.7552,2017,17441.0,37995.0,41995.0,42525.0,39306.5,65.0,669.34,38669.34,-674.34,38687.0
2017 Jeep Wrangler Unlimited,WILLYS WHEELER,4WD, Sport Utility Vehicles,-123.4436,46.9971,2017,34606.0,31989.0,34895.0,34895.0,29817.5714,69.0,34895.0,28636.28,3352.72,32235.0
2017 Kia Forte,LX,4WD, Mid-Size Passenger Car,-123.0095,44.9123,2017,31051.0,12985.0,14999.0,14999.0,13489.3333,15.0,150.0,12559.7,425.3,10639.0
2017 Kia Rio,LX,2WD, Compact Passenger Car,-123.8095,46.9768,2017,41852.0,11302.0,11302.0,11302.0,11220.6,15.0,685.0,9003.65,2298.35,9259.0
2017 Kia Soul,+,2WD,Small Wagon,-122.8771,42.3556,2017,36573.0,12484.0,18999.0,12484.0,14639.8333,146.0,1203.15,14243.4,-1759.4,12941.0
2017 Kia Soul,+,4WD,Small Wagon,-123.8016,46.9674,2017,34434.0,15012.0,15012.0,15012.0,14627.3571,9.0,1591.47,13884.47,1127.53,12963.0
2017 Lincoln MKX,Reserve,4WD, Sport Utility Vehicles,-123.8095,46.9768,2017,28887.0,32684.0,38569.0,38569.0,34224.4,81.0,270.0,33165.0,-481.0,29982.0
2017 MINI Hardtop 4 Door,COOPER,4WD, Mini-Compact Passenger Car,-122.7711,45.4954,2017,7750.0,22490.0,32395.0,33645.0,19909.0,186.0,255.0,27515.25,-5025.25,18909.0
2017 Mazda MAZDA6,GRAND TOURING,4WD, Mid-Size Passenger Car,-122.8771,42.3556,2017,13545.0,22984.0,27999.0,22984.0,24154.2,65.0,923.67,22154.92,829.08,22579.0
2017 Mitsubishi Mirage,ES,2WD, Sub-Compact Passenger Car,-117.3979,47.7552,2017,39803.0,9995.0,9995.0,10232.0,9048.4,12.0,577.66,8177.66,1817.34,7495.0
2017 Nissan Altima,2.5 S,4WD, Mid-Size Passenger Car,-122.654,45.5271,2017,41838.0,12975.0,12975.0,12975.0,14829.6875,16.0,1349.41,12893.41,81.59,12778.0
2017 Nissan Altima,2.5 SL,4WD, Mid-Size Passenger Car,-117.3979,47.7552,2017,30147.0,16995.0,16995.0,17994.0,15471.1111,27.0,1637.16,15599.66,1395.34,15222.0
2017 Nissan Altima,2.5 SV,4WD, Mid-Size Passenger Car,-122.8771,42.3556,2017,46603.0,13984.0,16999.0,13984.0,15510.2352,14.0,1173.6,13182.6,801.4,13448.0
2017 Nissan Altima,2.5 SV,4WD, Mid-Size Passenger Car,-122.654,45.5271,2017,40492.0,12990.0,12990.0,12990.0,15732.2941,16.0,1220.3,13364.3,-374.3,13837.0
2017 Nissan Frontier,SV V6,4WD, Small Pickup Trucks,-123.8016,46.9674,2017,32816.0,23847.0,23847.0,23847.0,23196.4,8.0,80.0,20350.0,3497.0,21735.0
2017 Nissan Murano,S,4WD,Mid-Size Wagon,-123.0633,44.6383,2017,46494.0,19917.0,21912.0,21912.0,23726.4444,1.0,236.0,17780.0,2137.0,21116.0
2017 Nissan Pathfinder,SL,4WD, Sport Utility Vehicles,-123.1763,44.0487,2017,53552.0,23896.0,26999.0,26999.0,25011.8888,1.0,239.42,20800.0,3096.0,24069.0
2017 Nissan Rogue,S,4WD, Sport Utility Vehicles,-123.8095,46.9768,2017,50083.0,16559.0,17995.0,17995.0,15298.6666,79.0,1704.02,15409.02,1149.98,13592.0
2017 Nissan Rogue,S,4WD, Sport Utility Vehicles,-123.2585,44.5725,2017,38326.0,19995.0,21997.0,21997.0,17858.0,10.0,1042.74,15374.0,4621.0,17375.0
2017 Nissan Rogue,SV,4WD, Sport Utility Vehicles,-114.45700000000001,42.5913,2017,50665.0,16999.0,19571.0,19571.0,20120.375,140.0,1836.86,17818.11,-819.11,15703.0
2017 Nissan Sentra,SV,2WD, Mid-Size Passenger Car,-123.8016,46.9674,2017,45887.0,11981.0,13157.0,13157.0,13006.6923,84.0,1932.17,12952.57,-971.57,11465.0
2017 Nissan Sentra,SV,4WD, Mid-Size Passenger Car,-123.8016,46.9674,2017,45544.0,11981.0,13157.0,13157.0,13006.6923,84.0,1624.09,12579.49,-598.49,11465.0
2017 Nissan Versa,SV,4WD, Compact Passenger Car,-122.8771,42.3556,2017,39008.0,11985.0,14999.0,11985.0,11045.421,13.0,1022.93,10313.18,1671.82,9959.0
2017 Nissan Versa Note,SV,4WD, Mid-Size Passenger Car,-123.0633,44.6383,2017,49395.0,10917.0,12912.0,12912.0,11053.0,6.0,516.87,9235.0,1682.0,11345.0
2017 Ram 1500,Longhorn,4WD, Standard Pickup Trucks,-122.8771,42.3556,2017,15146.0,41987.0,43999.0,41987.0,31495.0,15.0,998.49,36998.49,4988.51,38122.0
2017 Ram 1500,REBEL,4WD, Standard Pickup Trucks,-122.654,45.5271,2017,15730.0,38975.0,38975.0,38975.0,38990.0,13.0,1010.82,33535.82,5439.18,36670.0
2017 Ram 1500,SLT,4WD, Standard Pickup Trucks,-122.8771,42.3556,2017,15883.0,30985.0,34999.0,30985.0,28810.0,69.0,963.81,28960.31,2024.69,28483.0
2017 Ram 1500,SPORT,4WD, Standard Pickup Trucks,-149.866,61.1334,2017,7666.0,41995.0,42595.0,42000.0,40511.5,34.0,984.67,36519.67,5475.33,36850.0
2017 Ram 1500,Tradesman,4WD, Standard Pickup Trucks,-123.8095,46.9768,2017,10735.0,20414.0,19995.0,19995.0,18201.0,90.0,1526.2,18697.5,1716.5,17591.0
2017 Ram 2500,SLT,4WD, Standard Pickup Trucks,-117.3979,47.7552,2017,6375.0,44995.0,44995.0,42073.0,44740.2,7.0,50.0,46891.0,-1896.0,44696.0
2017 Ram ProMaster City,Tradesman,4WD,Cargo Vans,-123.8095,46.9768,2017,5506.0,18999.0,20595.0,20595.0,19153.2222,28.0,1150.49,18170.29,828.71,17675.0
2017 Subaru Legacy,LIMITED,4WD, Mid-Size Passenger Car,-117.3979,47.7552,2017,31008.0,21995.0,22995.0,22763.0,23364.5,27.0,740.26,19584.01,2410.99,20377.0
2017 Subaru Outback,Premium,4WD, Sport Utility Vehicles,-122.8771,42.3556,2017,12433.0,24985.0,28999.0,25985.0,24000.5348,49.0,135.0,22785.0,2200.0,23546.0
2017 Toyota 4Runner,TRD Pro,4WD, Sport Utility Vehicles,-122.5688,45.6611,2017,27937.0,43341.0,43341.0,43949.0,37003.5,7.0,315.0,39441.0,3900.0,42414.0
2017 Toyota Camry,SE,4WD, Mid-Size Passenger Car,-123.8095,46.9768,2017,35543.0,16679.0,18998.0,18998.0,17107.5769,54.0,922.7,15637.7,1041.3,15601.0
2017 Toyota Camry,SE,4WD, Mid-Size Passenger Car,-123.8016,46.9674,2017,39033.0,17362.0,17362.0,17362.0,17390.6,8.0,1178.52,16036.92,1325.08,15362.0
2017 Toyota Camry,SE,4WD, Mid-Size Passenger Car,-122.8771,42.3556,2017,36870.0,16984.0,19999.0,16984.0,16993.0227,55.0,923.37,15757.37,1226.63,15717.0
2017 Toyota Camry,SE,4WD, Mid-Size Passenger Car,-122.5688,45.6611,2017,30777.0,17169.0,19053.5,24954.0,16535.269175,51.25,191.25,16777.955,391.045,17892.5
2017 Toyota Camry,SE,4WD, Mid-Size Passenger Car,-117.3979,47.7552,2017,49026.0,14995.0,16995.0,17081.0,20059.1666,111.0,471.81,14061.31,933.69,14989.0
2017 Toyota Camry,SE,4WD, Mid-Size Passenger Car,-114.45700000000001,42.5913,2017,38990.0,16999.0,16999.0,16999.0,17486.3333,7.0,1003.25,14603.25,2395.75,15114.0
2017 Toyota Corolla,LE,4WD, Compact Passenger Car,-114.45700000000001,42.5913,2017,32248.0,13449.0,14920.0,14920.0,14862.5833,64.0,1152.94,13121.69,327.31,13228.0
2017 Toyota Corolla,SE,4WD, Compact Passenger Car,-122.654,45.5271,2017,48114.0,13888.0,15990.0,15990.0,15472.5714,96.0,407.19,15435.19,-1547.19,13725.0
2017 Toyota Prius,FOUR,4WD, Mid-Size Passenger Car,-123.0815,44.0588,2017,16562.0,22300.0,26400.0,26400.0,22468.1111,38.0,1127.88,21697.88,602.12,21822.0
2017 Toyota RAV4,LE,4WD, Sport Utility Vehicles,-123.1763,44.0487,2017,37829.0,19996.0,22999.0,22999.0,21546.1538,54.5,237.31,18288.9,1707.1,20445.5
2017 Toyota RAV4,XLE,2WD, Sport Utility Vehicles,-123.8016,46.9674,2017,29722.0,21499.0,22392.0,22392.0,23107.875,54.0,1593.8,20653.8,845.2,19978.0
2017 Toyota RAV4,XLE,4WD, Sport Utility Vehicles,-122.5688,45.6611,2017,26074.0,25331.0,32039.0,32039.0,23224.1818,15.0,60.0,21037.49,4293.51,23392.0
2017 Toyota Tacoma,TRD Off Road,4WD, Small Pickup Trucks,-122.5688,45.6611,2017,22601.666666666668,33726.666666666664,35263.0,34457.0,31520.74686666667,97.66666666666667,200.0,31507.343333333334,2219.3233333333333,33407.333333333336
2017 Toyota Tacoma,TRD Sport,4WD, Small Pickup Trucks,-123.8016,46.9674,2017,13321.0,33999.0,37864.0,37864.0,33031.4615,117.0,890.24,36255.24,-2256.24,33777.0
2017 Toyota Tundra 2WD,SR5,4WD, Standard Pickup Trucks,-117.3979,47.7552,2017,36987.0,28995.0,33995.0,35100.0,28998.0,76.0,723.43,30204.93,-1209.93,31156.0
2017 Toyota Tundra 4WD,SR5,4WD, Standard Pickup Trucks,-123.8016,46.9674,2017,5761.0,35532.5,37771.0,37771.0,37213.9444,71.0,939.095,34969.095,563.405,33440.0
2017 Volkswagen Golf SportWagen,S,4WD,Small Wagon,-122.7711,45.4954,2017,48048.0,16990.0,16990.0,16990.0,20038.5,19.0,1057.85,14589.1,2400.9,14815.0
2018 BMW X2,XDRIVE28I,4WD, Large Passenger Car,-122.7711,45.4954,2018,15641.0,34990.0,34990.0,34990.0,39147.9777,23.0,760.79,32204.79,2785.21,32542.0
2018 Buick Encore,PREFERRED,4WD, Sport Utility Vehicles,-121.7555,42.2011,2018,13739.0,19708.0,21995.0,21995.0,19652.75,27.0,772.46,15272.46,4435.54,17242.0
2018 Cadillac XTS,LUXURY,4WD, Large Passenger Car,-117.3979,47.7552,2018,14082.0,33995.0,33995.0,34860.0,34497.5,12.0,570.52,28370.52,5624.48,29121.0
2018 Chevrolet Cruze,LS,4WD, Compact Passenger Car,-123.8016,46.9674,2018,4929.0,15319.0,16765.0,16765.0,16303.0,261.0,665.16,19892.76,-4573.76,13461.0
2018 Chevrolet Equinox,LT,4WD, Sport Utility Vehicles,-123.8016,46.9674,2018,16415.5,22249.0,26923.5,26923.5,21202.92855,65.5,1536.9250000000002,22836.925000000003,-587.925,20287.0
2018 Chevrolet Equinox,LT,4WD, Sport Utility Vehicles,-122.8771,42.3556,2018,25673.0,24986.0,26999.0,24986.0,23055.421000000002,8.0,657.93,20232.93,4753.07,19698.0
2018 Chevrolet Equinox,LT,4WD, Sport Utility Vehicles,-121.2746,44.0557,2018,34537.0,23933.0,24995.0,24995.0,22488.6153,12.0,151.5,19622.96,4310.04,23974.0
2018 Chevrolet Malibu,LT,4WD, Mid-Size Passenger Car,-117.3979,47.7552,2018,39772.0,17995.0,17995.0,19275.0,16812.5,27.0,803.14,15571.89,2423.11,15379.0
2018 Chevrolet Silverado 1500,LT,4WD, Standard Pickup Trucks,-117.3979,47.7552,2018,29136.0,28995.0,28995.0,29555.0,28865.2,12.0,604.33,26104.33,2890.67,25906.0
2018 Chevrolet Silverado 1500,LTZ,4WD, Standard Pickup Trucks,-117.3979,47.7552,2018,25474.0,34995.0,35995.0,37975.0,34870.0,27.0,709.74,31709.74,3285.26,31191.0
2018 Chevrolet Suburban,LT,2WD, Sport Utility Vehicles,-123.8016,46.9674,2018,36659.0,45597.0,45597.0,45597.0,47446.5384,6.0,706.96,40941.61,4655.39,41707.0
2018 Chevrolet Tahoe,LT,4WD, Sport Utility Vehicles,-114.45700000000001,42.5913,2018,41849.0,42999.0,42999.0,42999.0,44501.5,34.0,1164.53,37764.53,5234.47,39959.0
2018 Chrysler 300,300S,2WD, Large Passenger Car,-123.8095,46.9768,2018,13426.5,23332.5,26445.0,26445.0,22766.6428,28.0,1343.3600000000001,21090.16,2242.34,23392.5
2018 Chrysler 300,300S,4WD, Large Passenger Car,-117.3979,47.7552,2018,10178.0,26995.0,26995.0,28210.0,26665.6666,22.0,577.81,21657.81,5337.19,24561.0
2018 Chrysler 300,Touring L,4WD, Large Passenger Car,-123.8095,46.9768,2018,15276.0,21709.0,22995.0,22995.0,20403.6,28.0,1452.15,19279.95,2429.05,19512.0
2018 Chrysler Pacifica,LIMITED,4WD, Minivans,-122.654,45.5271,2018,33730.0,31490.0,31490.0,31490.0,31030.0,14.0,1476.92,28220.92,3269.08,29559.0
2018 Chrysler Pacifica,Touring L,4WD, Minivans,-123.8095,46.9768,2018,20357.0,25999.0,29995.0,29995.0,25844.6666,77.0,1414.75,25201.55,797.45,26307.0
2018 Dodge Challenger,R/T,4WD, Mid-Size Passenger Car,-123.8095,46.9768,2018,14731.0,25499.0,28995.0,28995.0,27047.2,225.0,1325.58,27278.83,-1779.83,25671.0
2018 Dodge Durango,GT,4WD, Sport Utility Vehicles,-122.654,45.5271,2018,43066.0,26990.0,29975.0,29975.0,31267.0,90.0,1255.51,27399.51,-409.51,28084.0
2018 Dodge Grand Caravan,SE,4WD, Minivans,-117.3979,47.7552,2018,4178.0,22995.0,19995.0,21636.666666666668,20647.833333333332,51.333333333333336,50.0,23645.333333333332,-650.3333333333334,18221.333333333332
2018 Dodge Grand Caravan,SXT,4WD, Minivans,-123.8095,46.9768,2018,33817.0,19905.0,19905.0,19905.0,20410.2142,7.0,685.0,16311.0,3594.0,17752.0
2018 Dodge Grand Caravan,SXT,4WD, Minivans,-122.654,45.5271,2018,44058.0,17990.0,17990.0,17990.0,21179.5,26.0,1438.2,16382.2,1607.8,16772.0
2018 Dodge Journey,Crossroad,4WD, Sport Utility Vehicles,-123.8095,46.9768,2018,16617.0,22630.0,25935.0,25935.0,22566.0,56.0,1363.15,21008.95,1621.05,20034.0
2018 Dodge Journey,SE,2WD, Sport Utility Vehicles,-122.654,45.5271,2018,2636.0,16990.0,20990.0,20990.0,20397.1428,151.0,925.03,20249.03,-3259.03,16547.0
2018 Dodge Journey,SE,4WD, Sport Utility Vehicles,-122.654,45.5271,2018,3379.75,17490.0,19990.0,21690.666666666668,20361.428525000003,101.5,902.135,19539.885000000002,-2049.885,16682.0
2018 Ford EcoSport,SE,2WD, Sport Utility Vehicles,-122.8771,42.3556,2018,5129.0,19984.0,25999.0,19984.0,23801.8846,78.0,688.75,22077.75,-2093.75,16951.0
2018 Ford EcoSport,Titanium,2WD, Sport Utility Vehicles,-123.8095,46.9768,2018,9380.0,22975.0,22975.0,22975.0,22515.5416,27.0,1270.97,17885.86,5089.14,17976.0
2018 Ford EcoSport,Titanium,4WD, Sport Utility Vehicles,-123.8095,46.9768,2018,11898.5,23922.5,23922.5,23922.5,22476.062449999998,27.0,1329.745,17329.85,6592.65,17817.5
2018 Ford Edge,TITANIUM,4WD, Sport Utility Vehicles,-117.3979,47.7552,2018,21319.0,27995.0,27995.0,29422.0,28594.2222,27.0,682.3,26382.3,1612.7,25828.0
2018 Ford Edge,Titanium,4WD, Sport Utility Vehicles,-122.8771,42.3556,2018,15387.0,27985.0,32999.0,27985.0,29864.7727,55.0,1029.93,25588.93,2396.07,25239.0
2018 Ford Escape,TITANIUM,4WD, Sport Utility Vehicles,-123.8095,46.9768,2018,15715.0,26809.0,26696.0,26696.0,25092.557633333334,41.0,2160.273333333333,25031.960000000003,1777.04,23658.333333333332
2018 Ford Expedition,LIMITED,4WD, Sport Utility Vehicles,-117.3979,47.7552,2018,32769.0,50995.0,50995.0,51381.0,68504.0,8.0,320.79,46320.79,4674.21,47553.0
2018 Ford Explorer,Limited,2WD, Sport Utility Vehicles,-122.8771,42.3556,2018,25590.0,35987.0,37999.0,35987.0,34307.0,27.0,1626.24,30335.24,5651.76,30786.0
2018 Ford Explorer,XLT,2WD, Sport Utility Vehicles,-122.8771,42.3556,2018,9291.0,34987.0,36999.0,34987.0,35161.6296,16.0,1240.14,30240.14,4746.86,29696.0
2018 Ford Explorer,XLT,4WD, Sport Utility Vehicles,-123.8095,46.9768,2018,18088.666666666668,31411.666666666668,34763.0,35495.0,33064.7204,61.0,1436.65,29394.75,1073.25,29122.666666666668
2018 Ford F-150,XL,4WD, Standard Pickup Trucks,-123.8016,46.9674,2018,456.0,31999.0,35679.0,35679.0,50943.5,44.0,105.0,30980.0,1019.0,31528.0
2018 Ford F-150,XLT,2WD, Standard Pickup Trucks,-117.3979,47.7552,2018,22682.0,31995.0,31995.0,32697.0,44151.2142,12.0,589.49,26889.49,5105.51,28651.0
2018 Ford F-150,XLT,4WD, Standard Pickup Trucks,-121.7555,42.2011,2018,13116.0,32579.6,32579.6,30995.0,35818.85454,28.8,718.958,26817.108,5762.492,28481.0
2018 Ford Focus,SE,4WD, Compact Passenger Car,-117.3979,47.7552,2018,36532.0,12995.0,12995.0,14179.0,17039.0,27.0,681.79,11481.79,1513.21,10718.0
2018 Ford Focus,TITANIUM,2WD, Compact Passenger Car,-122.8771,42.3556,2018,5811.0,16984.0,19999.0,16984.0,16596.6666,26.0,198.95,21029.2,-4045.2,14904.0
2018 Ford Fusion,Titanium,4WD, Mid-Size Passenger Car,-123.8095,46.9768,2018,14570.0,19905.0,23995.0,23995.0,20421.4615,82.0,1669.75,18709.75,1195.25,18903.0
2018 Ford Fusion Hybrid,SE,2WD, Mid-Size Passenger Car,-114.45700000000001,42.5913,2018,37872.0,15449.0,15999.0,15999.0,16114.8,64.0,1816.43,15022.68,426.32,14018.0
2018 Ford Super Duty F-350 SRW,XLT,4WD, Standard Pickup Trucks,-123.8095,46.9768,2018,10986.5,52499.0,52499.0,52499.0,49715.8571,16.0,4202.36,49093.11,3405.89,48145.5
2018 Hyundai Elantra,VALUE EDITION,4WD, Mid-Size Passenger Car,-149.866,61.1334,2018,12839.0,16995.0,16995.0,16995.0,16388.0,36.0,907.61,13307.61,3687.39,14400.0
2018 Hyundai Santa Fe Sport,2.4L,2WD, Sport Utility Vehicles,-122.8771,42.3556,2018,30100.0,18984.0,23999.0,18984.0,20879.1025,79.0,988.64,17697.64,1286.36,17004.0
2018 Hyundai Tucson,SEL,4WD, Sport Utility Vehicles,-122.654,45.5271,2018,25902.0,17975.0,17975.0,17975.0,19903.1666,6.0,391.72,17292.72,682.28,17867.0
2018 INFINITI Q70,3.7 LUXE,4WD, Mid-Size Passenger Car,-122.7711,45.4954,2018,7958.0,31990.0,35990.0,35990.0,25988.0,147.0,984.81,34466.06,-2476.06,31560.0
2018 Jeep Compass,LATITUDE,4WD, Sport Utility Vehicles,-123.0633,44.6383,2018,16974.0,21917.0,23912.0,23912.0,22900.48,1.0,236.0,20500.0,1417.0,22847.0
2018 Jeep Compass,LATITUDE,4WD, Sport Utility Vehicles,-117.3979,47.7552,2018,8222.333333333334,19661.666666666668,22328.333333333332,23948.0,21255.3111,87.33333333333333,187.18666666666664,20806.186666666665,-1144.52,20553.333333333332
2018 Jeep Compass,TRAILHAWK,2WD, Sport Utility Vehicles,-122.654,45.5271,2018,3572.0,24990.0,24990.0,24990.0,24990.0,6.0,865.78,27659.78,-2669.78,23803.0
2018 Jeep Compass,TRAILHAWK,4WD, Sport Utility Vehicles,-122.654,45.5271,2018,5722.0,24990.0,24990.0,24990.0,24990.0,6.0,887.98,27773.98,-2783.98,23668.0
2018 Jeep Compass,Trailhawk,4WD, Sport Utility Vehicles,-122.8771,42.3556,2018,7673.0,26986.0,28999.0,26986.0,24060.0,23.0,744.21,22837.96,4148.04,23652.0
2018 Jeep Grand Cherokee,LIMITED,2WD, Sport Utility Vehicles,-117.3979,47.7552,2018,34970.0,31995.0,31995.0,32245.0,34996.0,8.0,596.17,28596.17,3398.83,29232.0
2018 Jeep Wrangler Unlimited,SPORT,4WD, Sport Utility Vehicles,-123.8095,46.9768,2018,4875.0,29999.0,34995.0,34995.0,32909.625,123.0,708.51,30310.89,-311.89,30733.0
2018 Jeep Wrangler Unlimited,SPORT,4WD, Sport Utility Vehicles,-117.3979,47.7552,2018,4910.0,34995.0,34995.0,36600.0,33272.2,40.0,572.38,32759.88,2235.12,32114.0
2018 Jeep Wrangler Unlimited,SPORT S,4WD, Sport Utility Vehicles,-117.3979,47.7552,2018,11324.0,27995.0,31995.0,31923.0,34672.2,108.0,450.59,26450.59,1544.41,29459.0
2018 Kia Forte,S,4WD, Mid-Size Passenger Car,-117.3979,47.7552,2018,9496.0,14995.0,16995.0,16225.0,15012.375,174.0,450.59,15693.09,-698.09,13819.0
2018 Kia Optima,LX,4WD, Mid-Size Passenger Car,-122.8771,42.3556,2018,21443.0,16985.0,19999.0,16985.0,17471.2941,29.0,668.34,15455.84,1529.16,15560.0
2018 Lincoln MKX,Reserve,4WD, Sport Utility Vehicles,-122.8771,42.3556,2018,17785.0,35984.0,41999.0,35984.0,37763.6,79.0,1004.96,34607.71,1376.29,34687.0
2018 Nissan Altima,2.5 S,4WD, Mid-Size Passenger Car,-123.0815,44.0588,2018,9899.0,15990.0,17995.0,17995.0,16339.375,18.0,1028.04,14528.04,1461.96,15172.0
2018 Nissan Frontier,SV V6,2WD, Small Pickup Trucks,-122.8771,42.3556,2018,25332.0,22985.0,25999.0,22985.0,23511.775,14.0,959.45,21537.2,1447.8,21776.0
2018 Nissan Murano,SV,4WD,Mid-Size Wagon,-123.2585,44.5725,2018,25751.5,26997.0,26997.0,26997.0,24733.7,12.0,220.0,18634.0,8363.0,23250.0
2018 Nissan Rogue,SV,4WD, Sport Utility Vehicles,-122.8771,42.3556,2018,21670.0,19984.0,24999.0,19984.0,20804.7586,79.0,1038.63,19541.38,442.62,18512.0
2018 Nissan Rogue,SV,4WD, Sport Utility Vehicles,-117.3979,47.7552,2018,32801.0,19995.0,19995.0,20893.0,24517.6666,27.0,695.15,17595.15,2399.85,17828.0
2018 Nissan Rogue Sport,S,4WD, Sport Utility Vehicles,-123.2585,44.5725,2018,25474.0,21997.0,21997.0,21997.0,14961.3333,12.0,220.0,16334.0,5663.0,17300.0
2018 Nissan Sentra,S,4WD, Mid-Size Passenger Car,-122.8771,42.3556,2018,34572.0,14986.0,16999.0,14986.0,16861.4615,14.0,951.34,11560.34,3425.66,11818.0
2018 Ram 1500,NIGHT,4WD, Standard Pickup Trucks,-117.3979,47.7552,2018,7391.0,41995.0,41995.0,44225.0,33342.25,35.0,2877.64,37965.14,4029.86,39182.0
2018 Ram 1500,SLT,4WD, Standard Pickup Trucks,-117.3979,47.7552,2018,15399.0,31995.0,31995.0,32377.0,29101.1428,11.0,579.9,27579.9,4415.1,28697.0
2018 Ram 2500,SLT,2WD, Standard Pickup Trucks,-117.3979,47.7552,2018,22014.0,46995.0,47995.0,48323.0,48995.0,27.0,1268.31,42268.31,4726.69,41457.0
2018 Subaru WRX,LIMITED,4WD, Compact Passenger Car,-122.7711,45.4954,2018,12055.0,29490.0,28990.0,28990.0,29447.4,27.0,752.95,25934.2,3555.8,27934.0
2018 Toyota 4Runner,SR5 Premium,4WD, Sport Utility Vehicles,-122.5688,45.6611,2018,13306.0,38671.0,38671.0,40744.0,35990.8076,2.0,315.0,34719.94,3951.06,37701.0
2018 Toyota Camry,SE,4WD, Mid-Size Passenger Car,-123.8016,46.9674,2018,35113.0,20334.0,20334.0,20334.0,21170.6363,9.0,1671.97,19317.97,1016.03,18590.0
2018 Toyota Camry,XSE,4WD, Mid-Size Passenger Car,-122.5688,45.6611,2018,9026.0,28482.0,28851.0,31589.0,28851.0,25.0,40.0,24989.19,3492.81,28501.0
2018 Toyota Corolla,LE,4WD, Compact Passenger Car,-123.8016,46.9674,2018,36141.0,15305.0,15305.0,15305.0,16897.8333,7.0,1058.86,13856.86,1448.14,13508.0
2018 Toyota Corolla,SE,2WD, Compact Passenger Car,-123.0815,44.0588,2018,5279.0,16590.0,17995.0,17995.0,18888.6,18.0,857.34,14857.34,1732.66,16263.0
2018 Toyota Corolla,SE,4WD, Compact Passenger Car,-123.8095,46.9768,2018,7711.0,18999.0,18999.0,18999.0,18993.2,36.0,689.0,16414.0,2585.0,15947.0
2018 Toyota RAV4,XLE,4WD, Sport Utility Vehicles,-123.8016,46.9674,2018,25281.666666666668,22693.0,22693.0,22693.0,24266.53026666667,32.0,1553.8166666666666,21768.583333333336,924.4166666666666,20919.666666666668
2018 Toyota RAV4,XLE,4WD, Sport Utility Vehicles,-122.654,45.5271,2018,26890.0,22490.0,23490.0,23490.0,24265.9333,34.0,1105.62,22549.62,-59.62,21221.0
2018 Toyota RAV4,XLE,4WD, Sport Utility Vehicles,-122.5688,45.6611,2018,14460.25,22760.0,25712.5,30117.0,23573.984375,122.0,122.5,22511.7225,1126.78,22823.0
2018 Toyota Sienna,LE,4WD, Minivans,-123.8016,46.9674,2018,16095.0,24999.0,27522.0,27522.0,25892.2,50.0,1336.29,24191.29,807.71,24630.0
2018 Toyota Tacoma,SR5,4WD, Small Pickup Trucks,-122.5688,45.6611,2018,6450.0,27751.5,28296.0,32738.0,27921.5,20.0,75.0,24841.004999999997,2910.495,27322.0
2018 Toyota Tacoma,TRD Sport,4WD, Small Pickup Trucks,-122.8771,42.3556,2018,4018.0,36985.0,39999.0,36985.0,34781.75,49.0,545.8,33695.8,3289.2,36341.0
2018 Volkswagen Tiguan,SE,4WD, Sport Utility Vehicles,-122.7711,45.4954,2018,19095.5,22240.0,22490.0,23990.0,23215.511850000003,23.0,990.85,19373.675,2866.325,20627.0
2019 Jeep Cherokee,LATITUDE,4WD, Sport Utility Vehicles,-114.45700000000001,42.5913,2019,3692.6,22289.0,25399.0,27008.333333333332,21250.75,56.6,159.73,21956.946,332.054,17101.0
2019 Jeep Cherokee,LATITUDE PLUS,2WD, Sport Utility Vehicles,-117.3979,47.7552,2019,5044.0,23995.0,24995.0,26567.0,27495.0,65.0,46.72,25600.22,-1605.22,21743.0
2019 Jeep Cherokee,LIMITED,4WD, Sport Utility Vehicles,-117.3979,47.7552,2019,675.0,29250.0,29250.0,30219.0,28521.3333,3.0,184.63,28934.63,315.37,27061.0
2019 Jeep Cherokee,Limited,4WD, Sport Utility Vehicles,-123.8095,46.9768,2019,12086.0,25500.0,29985.0,29985.0,29137.76,77.0,1387.9,24062.9,1437.1,25982.0
